variable,count,mean,std,min,25%,50%,75%,max,original
dummy1,1000.0,-0.0002649324855544064,0.011399216450765049,-0.0363882058825808,-0.00782774295188355,-0.00040673629306725,0.007534067366243799,0.0382484158849614,0.0011611578404675
dummy2,1000.0,-0.00026795819118044804,0.010062428780337453,-0.0286821370825123,-0.0068482906090672,-0.000238003870832,0.006277358775894125,0.0339842260360683,0.0149960319002175
x1,1000.0,0.06071665203838751,3.052249650034597,-8.591656863312782,-1.9005537121281046,0.09518266461404695,2.120093035561006,28.202410402205363,28.202410402205363
x2,1000.0,-0.16257820310063006,7.917982530231908,-23.567589051112694,-5.332949806289981,-0.6872963617760366,4.998601203863952,75.04779879506071,75.04779879506071
x3,1000.0,0.028466719408013576,1.8017558074282278,-5.011471783873963,-1.1186583327148336,0.02908135020699015,1.1292323655369476,17.75233277117216,17.75233277117216
